Name,URL
Merry Christmas!,https://scratch.mit.edu/projects/456624791/
Ebay || 20,https://scratch.mit.edu/projects/443257715/
Intro entry for Alex_legends,https://scratch.mit.edu/projects/448980834/
Flappy Bird v4.3,https://scratch.mit.edu/projects/456777187/
ã€‹Team Violet,https://scratch.mit.edu/projects/456805148/
Lenny Spider Hotel (incomplete),https://scratch.mit.edu/projects/456554942/
Crawling Collab w/ mimfrank and -Moonlark-,https://scratch.mit.edu/projects/456845826/
Elements Personality Quiz (SotC),https://scratch.mit.edu/projects/362610933/
PGMA game - (minimap),https://scratch.mit.edu/projects/451054749/
(CLOSED FOR NOW) I'll Draw Your OC (but I'll,https://scratch.mit.edu/projects/456354168/
2.5D Top Down World	https://scratch.mit.edu/projects/457300422/
What Not To Do With Glue #animations,https://scratch.mit.edu/projects/457520590/
Crawling [] Collab w/ mimfrank and OmbraTheF,https://scratch.mit.edu/projects/456706367/
= Thought : a parallax =,https://scratch.mit.edu/projects/457306614/
Kiki, do you love me ft.@Jumper-,https://scratch.mit.edu/projects/457406675/
Dance, Henry, Dance!,https://scratch.mit.edu/projects/457450492/
500 QNEY AWNSERS!?!?!?!?!,https://scratch.mit.edu/projects/456225893/
Sample1.wav,https://scratch.mit.edu/projects/456945083/
Intro Template,https://scratch.mit.edu/projects/455789762/
the trend.,https://scratch.mit.edu/projects/456834946/
